-- MySQL Script generated by MySQL Workbench
-- 01/11/17 23:21:30
-- Model: New Model    Version: 1.0
-- MySQL Workbench Forward Engineering

SET @OLD_UNIQUE_CHECKS=@@UNIQUE_CHECKS, UNIQUE_CHECKS=0;
SET @OLD_FOREIGN_KEY_CHECKS=@@FOREIGN_KEY_CHECKS, FOREIGN_KEY_CHECKS=0;
SET @OLD_SQL_MODE=@@SQL_MODE, SQL_MODE='TRADITIONAL,ALLOW_INVALID_DATES';

-- -----------------------------------------------------
-- Schema QuanLySanPham
-- -----------------------------------------------------
DROP SCHEMA IF EXISTS `QuanLySanPham` ;

-- -----------------------------------------------------
-- Schema QuanLySanPham
-- -----------------------------------------------------
CREATE SCHEMA IF NOT EXISTS `QuanLySanPham` DEFAULT CHARACTER SET utf8 COLLATE utf8_unicode_ci ;
SHOW WARNINGS;
USE `QuanLySanPham` ;

-- -----------------------------------------------------
-- Table `TaiKhoan`
-- -----------------------------------------------------
DROP TABLE IF EXISTS `TaiKhoan` ;

SHOW WARNINGS;
CREATE TABLE IF NOT EXISTS `TaiKhoan` (
  `MaTaiKhoan` INT NOT NULL AUTO_INCREMENT,
  `TenDangNhap` VARCHAR(20) NULL,
  `MatKhau` VARCHAR(20) NOT NULL,
  `HoTen` VARCHAR(64) NULL,
  `DiaChi` VARCHAR(256) NULL,
  `DienThoai` VARCHAR(11) NULL,
  `Email` VARCHAR(30) NULL,
  `BiXoa` TINYINT(1) NULL,
  `LoaiTaiKhoan` INT NULL,
  PRIMARY KEY (`MaTaiKhoan`))
ENGINE = InnoDB
DEFAULT CHARACTER SET = big5;

SHOW WARNINGS;

-- -----------------------------------------------------
-- Table `LoaiSanPham`
-- -----------------------------------------------------
DROP TABLE IF EXISTS `LoaiSanPham` ;

SHOW WARNINGS;
CREATE TABLE IF NOT EXISTS `LoaiSanPham` (
  `MaLoaiSanPham` INT NOT NULL AUTO_INCREMENT,
  `TenLoaiSanPham` VARCHAR(64) NULL,
  `BiXoa` TINYINT(1) NULL,
  PRIMARY KEY (`MaLoaiSanPham`))
ENGINE = InnoDB;

SHOW WARNINGS;

-- -----------------------------------------------------
-- Table `HangSanXuat`
-- -----------------------------------------------------
DROP TABLE IF EXISTS `HangSanXuat` ;

SHOW WARNINGS;
CREATE TABLE IF NOT EXISTS `HangSanXuat` (
  `MaHangSanXuat` INT NOT NULL AUTO_INCREMENT,
  `TenHangSanXuat` VARCHAR(64) NULL,
  `LogoURL` VARCHAR(45) NULL,
  `BiXoa` TINYINT(1) NULL,
  PRIMARY KEY (`MaHangSanXuat`))
ENGINE = InnoDB;

SHOW WARNINGS;

-- -----------------------------------------------------
-- Table `SanPham`
-- -----------------------------------------------------
DROP TABLE IF EXISTS `SanPham` ;

SHOW WARNINGS;
CREATE TABLE IF NOT EXISTS `SanPham` (
  `MaSanPham` INT NOT NULL AUTO_INCREMENT,
  `TenSanPham` VARCHAR(45) NULL,
  `HinhURL` VARCHAR(45) NULL,
  `GiaSanPham` INT NULL,
  `NgayNhap` DATETIME NULL,
  `SoLuongTon` INT NULL,
  `SoLuongBan` INT NULL,
  `SoLuocXem` INT NULL,
  `MoTa` TEXT NULL,
  `BiXoa` TINYINT(1) NULL,
  `MaLoaiSanPham` INT NOT NULL,
  `MaHangSanXuat` INT NOT NULL,
  PRIMARY KEY (`MaSanPham`))
ENGINE = InnoDB;

SHOW WARNINGS;

-- -----------------------------------------------------
-- Table `TinhTrang`
-- -----------------------------------------------------
DROP TABLE IF EXISTS `TinhTrang` ;

SHOW WARNINGS;
CREATE TABLE IF NOT EXISTS `TinhTrang` (
  `MaTinhTrang` INT NOT NULL AUTO_INCREMENT,
  `TenTinhTrang` VARCHAR(45) NULL,
  PRIMARY KEY (`MaTinhTrang`))
ENGINE = InnoDB;

SHOW WARNINGS;

-- -----------------------------------------------------
-- Table `DonDatHang`
-- -----------------------------------------------------
DROP TABLE IF EXISTS `DonDatHang` ;

SHOW WARNINGS;
CREATE TABLE IF NOT EXISTS `DonDatHang` (
  `MaDonDatHang` VARCHAR(9) NOT NULL,
  `NgayLap` DATETIME NULL,
  `TongThanhTien` INT NULL,
  `MaTaiKhoan` INT NOT NULL,
  `MaTinhTrang` INT NOT NULL,
  PRIMARY KEY (`MaDonDatHang`))
ENGINE = InnoDB;

SHOW WARNINGS;

-- -----------------------------------------------------
-- Table `ChiTietDonDatHang`
-- -----------------------------------------------------
DROP TABLE IF EXISTS `ChiTietDonDatHang` ;

SHOW WARNINGS;
CREATE TABLE IF NOT EXISTS `ChiTietDonDatHang` (
  `MaChiTietDonDatHang` VARCHAR(11) NOT NULL,
  `SoLuong` INT NULL,
  `GiaBan` INT NULL,
  `MaDonDatHang` VARCHAR(9) NOT NULL,
  `MaSanPham` INT NOT NULL,
  PRIMARY KEY (`MaChiTietDonDatHang`))
ENGINE = InnoDB;

SHOW WARNINGS;

SET SQL_MODE=@OLD_SQL_MODE;
SET FOREIGN_KEY_CHECKS=@OLD_FOREIGN_KEY_CHECKS;
SET UNIQUE_CHECKS=@OLD_UNIQUE_CHECKS;

-- -----------------------------------------------------
-- Data for table `TaiKhoan`
-- -----------------------------------------------------
START TRANSACTION;
USE `QuanLySanPham`;
INSERT INTO `TaiKhoan` (`MaTaiKhoan`, `TenDangNhap`, `MatKhau`, `HoTen`, `DiaChi`, `DienThoai`, `Email`, `BiXoa`, `LoaiTaiKhoan`) VALUES (1, 'nguyenvanphung', '123456', 'NguyenVanPhung', 'QuanTri', '0967306241', 'phungdaik112@gmail.com', 0, 1);
INSERT INTO `TaiKhoan` (`MaTaiKhoan`, `TenDangNhap`, `MatKhau`, `HoTen`, `DiaChi`, `DienThoai`, `Email`, `BiXoa`, `LoaiTaiKhoan`) VALUES (2, 'nguyenquocanh', '456789', 'NguyenQuocAnh', 'DongNai', '1234567891', 'anhnguyen@gmail.com', 0, 1);

COMMIT;


-- -----------------------------------------------------
-- Data for table `LoaiSanPham`
-- -----------------------------------------------------
START TRANSACTION;
USE `QuanLySanPham`;
INSERT INTO `LoaiSanPham` (`MaLoaiSanPham`, `TenLoaiSanPham`, `BiXoa`) VALUES (1, 'Vodka', 0);
INSERT INTO `LoaiSanPham` (`MaLoaiSanPham`, `TenLoaiSanPham`, `BiXoa`) VALUES (2, 'Hennessy', 0);
INSERT INTO `LoaiSanPham` (`MaLoaiSanPham`, `TenLoaiSanPham`, `BiXoa`) VALUES (3, 'Chivas ', 0);
INSERT INTO `LoaiSanPham` (`MaLoaiSanPham`, `TenLoaiSanPham`, `BiXoa`) VALUES (4, 'Remy Martin', 0);

COMMIT;


-- -----------------------------------------------------
-- Data for table `HangSanXuat`
-- -----------------------------------------------------
START TRANSACTION;
USE `QuanLySanPham`;
INSERT INTO `HangSanXuat` (`MaHangSanXuat`, `TenHangSanXuat`, `LogoURL`, `BiXoa`) VALUES (1, 'ABSOLUT', '1.jpg', 0);
INSERT INTO `HangSanXuat` (`MaHangSanXuat`, `TenHangSanXuat`, `LogoURL`, `BiXoa`) VALUES (2 , 'Hennessy', '2.jpg', 0);
INSERT INTO `HangSanXuat` (`MaHangSanXuat`, `TenHangSanXuat`, `LogoURL`, `BiXoa`) VALUES (3, 'Chivas ', '3.jpg', 0);
INSERT INTO `HangSanXuat` (`MaHangSanXuat`, `TenHangSanXuat`, `LogoURL`, `BiXoa`) VALUES (4, 'Remy Martin', ' 4.jpg', 0);

COMMIT;


-- -----------------------------------------------------
-- Data for table `SanPham`
-- -----------------------------------------------------
START TRANSACTION;
USE `QuanLySanPham`;
INSERT INTO `SanPham` (`MaSanPham`, `TenSanPham`, `HinhURL`, `GiaSanPham`, `NgayNhap`, `SoLuongTon`, `SoLuongBan`, `SoLuocXem`, `MoTa`, `BiXoa`, `MaLoaiSanPham`, `MaHangSanXuat`) VALUES (1, 'ABSOLUT KURANT ', '1.jpg', 420000 , '2017-01-01', 12, 3, 25, '<div>ABSOLUT KURANT </div><ul><li>ABSOLUT KURANT Mang hương vị của quả Lý chua đen - Một loại trái cây truyền thống của Thụy Điển</li><li>Absolut Kurant ( Quả Nho đen ) được ra mắt vào năm 1992 và là một chế tác riêng dành cho người Thụy Điển gốc . Nó có vị êm dịu và vị chát của quả Nho đen Hy Lạp . Hương vị đậm đà xem lẫn vị chát sẽ làm nên một ly Cocktail thật hấp dẫn nếu kết hợp với Orangina , Tonic và Sprite</li><li>Dung Tích: 750 ml , Rượu nhập khẩu</li><li>Nồng Độ: 40 %</li></ul>', 0, 1, 1);
INSERT INTO `SanPham` (`MaSanPham`, `TenSanPham`, `HinhURL`, `GiaSanPham`, `NgayNhap`, `SoLuongTon`, `SoLuongBan`, `SoLuocXem`, `MoTa`, `BiXoa`, `MaLoaiSanPham`, `MaHangSanXuat`) VALUES (2, 'ABSOLUT MANDRIN', '2.jpg', 420000 , '2017-01-01', 15, 3, 23, '<div>ABSOLUT MANDRIN </div><ul><li> vodka Absolut Mandrin với vi Cam quý hương thơm nồng nàn lưu giữ đến từng giọt</li><li>Được giới thiệu đầu tiên vào năm 1999 , Absolut Mandrin ( Cam ) là một trong những thành viên “trẻ” nhất của “gia đình” Absolut . Rượu được làm chủ yếu từ Cam, kết hợp với Chanh , Lá Cam , Bưởi , Quýt và Quả Xuân Đào</li><li>Chính nhờ sự kết hợp đặc biệt này mà Absolut Mandrin có một hương vị rất đặc trưng và là một trong những loại rượu dễ nhận ra nhất</li><li>Dung Tích: 750 ml , Hàng nhập khẩu</li><li>Nồng Độ: 40 %</li></ul>', 0, 1, 1);
INSERT INTO `SanPham` (`MaSanPham`, `TenSanPham`, `HinhURL`, `GiaSanPham`, `NgayNhap`, `SoLuongTon`, `SoLuongBan`, `SoLuocXem`, `MoTa`, `BiXoa`, `MaLoaiSanPham`, `MaHangSanXuat`) VALUES (3, 'ABSOLUT MANGO ', '3.jpg', 420000 , '2017-01-01', 13, 4, 13, '<div>ABSOLUT MANGO </div><ul><li>Absolut Mango có một hương vị tốt đẹp và mang lại một trải nghiệm Cocktail nhiệt đới hoàn toàn mới</li><li>Vodka Absolut Mango ( Soài ) có một hương vị tốt đẹp và mang lại một trải nghiệm Cocktail nhiệt đới hoàn toàn mới . Nó có vị êm mượt cùng hương thơm của Trái Soài chín mọng</li><li>Dung Tích: 750 ml , Hàng nhập khẩu</li><li>Nồng Độ: 40 %</li></ul>', 0, 1, 1);
INSERT INTO `SanPham` (`MaSanPham`, `TenSanPham`, `HinhURL`, `GiaSanPham`, `NgayNhap`, `SoLuongTon`, `SoLuongBan`, `SoLuocXem`, `MoTa`, `BiXoa`, `MaLoaiSanPham`, `MaHangSanXuat`) VALUES (4, 'ABSOLUT VANILIA', '4.jpg', 420000 , '2017-01-01', 12, 4, 15, '<div>Absolut Vanilia</div><ul><li>Absolut Vanilia sử dụng lúa mạch mùa đông , nước tinh khiết và vanilla vùng Madagascar để tạo ra một hương vị thuần khiết với hương vị của Kem bơ và Sôcôla đắng . Một trong những cách thưởng thức Absolut Vanilia tuyệt vời nhất là trộn với Càfê latte hoặc Cappuccino</li><li>Sau khi được tung ra thị trường lần đầu tiên năm 2003 tai Mỹ , Absolut Vanilia bắt đầu được bán ở Châu Á . Huơng vị thứ năm trong 10 hương vị Vodka Absolut hiện có</li><li>Vodka Absolut Vanilia sử dụng Lúa mạch mùa đông , Nước tinh khiết và Vanilla vùng Madagascar để tạo ra một hương vị thuần khiết với hương vị của Kem bơ và Sôcôla đắng</li><li>Một trong những cách thưởng thức Absolut Vanilia tuyệt vời nhất là trộn với càfê latte hoặc cappuccino , đó là cách thêm vào hưong vanilla nhẹ trong càfê</li><li>Cách khác là hòa trộn với Coke , Seven-Up , nước táo & cam ép , gừng , và sữa dừa . Tỉ lệ pha trộn của vodka tuyệt vời nhất là giữ ở 1:2 . Nếu bạn muốn thưởng thức vodka thuần khiết , một lát táo hoặc cam vchút đường hoặc bột quế là lựa chọn hoàn hảo hơn cả</li><li>Dung Tích: 750 ml , Rượu nhập khẩu</li><li>Nồng Độ: 40 %</li></ul>', 0, 1, 1);
INSERT INTO `SanPham` (`MaSanPham`, `TenSanPham`, `HinhURL`, `GiaSanPham`, `NgayNhap`, `SoLuongTon`, `SoLuongBan`, `SoLuocXem`, `MoTa`, `BiXoa`, `MaLoaiSanPham`, `MaHangSanXuat`) VALUES (5, 'ABSOLUT PEPPAR ', '5.jpg', 420000 , '2017-01-01', 13, 8, 18, '<div>ABSOLUT PEPPAR </div><ul><li>Vodka Absolut Peppar mang hương vị Ớt xanh và các loại Thảo mộc mang lại hương vị sốc và nóng cho các thực khách thưởng thức rượu</li><li> Hơi nóng của Jalapenos ( loại Ớt xanh Chilê )</li><li> Hương vị của cà chua xanh và thảo mộc</li><li>Dung Tích: 750ml , Hàng nhập khẩu</li><li>Nồng Độ: 40 %</li></ul>', 0, 1, 1);
INSERT INTO `SanPham` (`MaSanPham`, `TenSanPham`, `HinhURL`, `GiaSanPham`, `NgayNhap`, `SoLuongTon`, `SoLuongBan`, `SoLuocXem`, `MoTa`, `BiXoa`, `MaLoaiSanPham`, `MaHangSanXuat`) VALUES (6, 'ABSOLUT RASPBERRY ', '6.jpg', 420000 , '2017-01-01', 12, 5, 18, '<div>ABSOLUT RASPBERRY </div><ul><li>Vodka Absolut Raspberry mang hương vị của quả Mâm xôi có thể nói đây là điểm nhấn của rượu Vodka Absolut tại mùa hè năm 2016</li><li>Mang hương vị của quả mâm xôi _ Một trong những hương vị Trái cây tự nhiên thuần túy , làm tăng thêm hương vị khiến người uống có cảm giác như đang ở giữa thiên nhiên . Có thể nói đây thực sự là \"Rockstar\" trong mùa hè . Nó được bán lần đầu tiên vào năm 2004</li><li>Dung Tích: 750 ml ( Hàng nhập khẩu )</li><li>Nồng Độ: 40 %</li></ul>', 0, 1, 1);
INSERT INTO `SanPham` (`MaSanPham`, `TenSanPham`, `HinhURL`, `GiaSanPham`, `NgayNhap`, `SoLuongTon`, `SoLuongBan`, `SoLuocXem`, `MoTa`, `BiXoa`, `MaLoaiSanPham`, `MaHangSanXuat`) VALUES (7, 'ABSOLUT PEARS ', '7.jpg', 420000 , '2017-01-01', 12, 5, 14, '<div>ABSOLUT PEARS </div><ul><li>Loại vodka này mang hương vị tinh tế tự nhiên của Lê chín , hương trái cây còn đọng lại rất lâu sau khi thưởng thức. Loại Vodka này được tung ra thị trường chính thức vào tháng 1 năm 2007 ở Mỹ , và bán rộng trên toàn thế giới kể từ đầu tháng 5 năm 2007.</li><li>Nhãn hiệu Vodka quốc tế Absolut đã nới rộng bộ sưu tập hương vị vodka với Absolut Pears ( Hương Trái Lê ) . Nó có vị êm mượt cùng hương thơm của Trái lê</li><li> Loại vodka này mang hương vị tinh tế tự nhiên của Lê chín , hương trái cây còn đọng lại rất lâu sau khi thưởng thức. Loại Vodka này được tung ra thị trường chính thức vào tháng 1 năm 2007 ở Mỹ , và bán rộng trên toàn Thế giới kể từ đầu tháng 5 năm 2007</li><li>Giống như cái loại vodka khác của Absolute , sản phẩm mới hoàn toàn là từ hương liệu tự nhiên không hề có đường hay chất làm ngọt </li><li>Dung Tích: 750 ml , Hàng nhập khẩu</li><li>Nồng Độ: 40 %</li></ul>', 0, 1, 1);
INSERT INTO `SanPham` (`MaSanPham`, `TenSanPham`, `HinhURL`, `GiaSanPham`, `NgayNhap`, `SoLuongTon`, `SoLuongBan`, `SoLuocXem`, `MoTa`, `BiXoa`, `MaLoaiSanPham`, `MaHangSanXuat`) VALUES (8, 'Hennessy X.O ', '8.jpg', 3460000, '2017-01-01', 10, 5, 15, '<div>Hennessy X.O </div><ul><li>Hennessy XO là sự kết hợp giữa vị cay của cây sồi, da thuộc. Nồng nàn, có nhiều chất cốt và phức cảm.</li><li>Hennessy XO là rượu Cognac XO đầu tiên ra đời vào năm 1870, mạnh mẽ và giàu hương vị </li><li>Hennessy X.O là nguồn cảm hứng vô tận thông qua sự trải nghiệm đầy gợi cảm </li><li>Hennessy XO thường được thưởng thức ở dạng nguyên chất để có thể đạt tới hương vị chuẩn mực .</li><li>Cho đến tận ngày nay , dòng rượu này luôn được coi là biểu tượng của sự xa hoa , quý phái . </li><li>Sự giàu cá tính được nâng cao bởi chiếc bình thon cổ đặc biệt được thiết kế năm 1947 </li><li>Hennessy XO Được pha chế từ hơn 100 loại rượu cốt khác nhau , là dòng rượu Cognac ” cực kỳ lâu đời ” đầu tiên , với hương vị mạnh mẽ , nam tính , và hào hiệp – một hương vị thực sự tuyệt vời </li><li>Có thể nói Hennessy XO là nguồn cảm hứng vô tận thông qua sự trải nghiệm đầy gợi cảm.</li><li>Xuất xứ: Rượu Pháp</li><li>Dung tích (ml): 700</li><li>Nồng độ (%): 40</li></ul>', 0, 2, 2);
INSERT INTO `SanPham` (`MaSanPham`, `TenSanPham`, `HinhURL`, `GiaSanPham`, `NgayNhap`, `SoLuongTon`, `SoLuongBan`, `SoLuocXem`, `MoTa`, `BiXoa`, `MaLoaiSanPham`, `MaHangSanXuat`) VALUES (9, 'Hennessy VSOP ', '9.jg', 1060000 , '2017-01-01', 15, 6, 14, '<div>Hennessy VSOP </div><ul><li>Hennessy VSOP, Năm 1817, Đức Vua tương lai George IV của nước Anh (khi đó chưa lên ngôi) đã đề nghị Hennessy cung cấp cho Ngài một loại rượu mà ông mô tả theo đặt hàng là “Very Superior, Old and Pale cognac” và thế là Hennessy đã sản xuất loại rượu viết tắt theo đặt hàng của Hoàng Gia Anh là “V.S.O.P.” (V = Very, S = Superior, O = Old, P = Pale). </li><li>Đến thế kỷ 19, nhãn hiệu rượu Hennessy V.S.O.P. pha chế với khoảng 60 loại rượu nho </li><li>“Aux-de-vie” cao tuổi tối thiểu 15 năm và chỉ dùng nho của 4 vườn nho hàng đầu trong khu vực Cognac mà thôi.</li><li>Hennessy VSOP (Very Superior Old Pale) là sự pha trộn tổng hợp của hơn 60 loại eau-de-vie khác nhau được ủ trong những thùng gỗ sồi lâu năm. Khác với Hennessy Xo, Hennessy VSOP có màu sắc vàng nâu, là sự pha trộn của vị gỗ sồi và vị cay. Bên cạnh đó, người uống còn có thể cảm nhận được hương vị của mùi mật ong và cam thảo.</li><li>Xuất xứ: Rượu Pháp</li><li>Dung tích (ml): 700</li><li>Nồng độ (%): 40</li></ul>', 0, 2, 2);
INSERT INTO `SanPham` (`MaSanPham`, `TenSanPham`, `HinhURL`, `GiaSanPham`, `NgayNhap`, `SoLuongTon`, `SoLuongBan`, `SoLuocXem`, `MoTa`, `BiXoa`, `MaLoaiSanPham`, `MaHangSanXuat`) VALUES (10, 'Hennessy VSOP Gift Box 2017', '10.jpg', 1300000 , '2017-01-01', 13, 5, 19, '<div>Hennessy VSOP Gift Box 2017 </div><ul><li>Năm 2017 Hennessy V.S.O.P Privilège kỷ niệm di sản của hãng thông qua sản phẩm duy nhất - tầm nhìn của bộ đôi nghệ thuật Milan dựa trên Carnovsky - và nhiều lớp</li><li>Từ khi thành lập studio của họ vào năm 2006, các nghệ sĩ Francesco Rugi và Silvia Quintanilla đã nắm bắt sự chú ý của thế giới nghệ thuật với một thẩm mỹ mà pha trộn hình minh họa thế kỷ 17 với \"Dự án RGB\",  tăng cường và tái tạo hình ảnh lịch sử sử dụng ba màu cơ bản của thế giới kỹ thuật số của: Red:  đỏ (R), Green: xanh lá cây (G) và Blue: màu xanh dương (B)</li><li>Mặc dù ba màu-lớp thiết kế độc đáo của Carnovksy cùng tồn tại hài hòa khi được nhìn qua một bộ lọc màu mỗi trong số họ cho thấy một khía cạnh của V.S.O.P Privilège: Red là năng lượng, xanh thiên nhiên và Blue là Dream</li><li>Xuất xứ: Rượu Pháp</li><li>Dung tích (ml): 700</li><li>Nồng độ (%): 40</li></ul>', 0, 2, 2);
INSERT INTO `SanPham` (`MaSanPham`, `TenSanPham`, `HinhURL`, `GiaSanPham`, `NgayNhap`, `SoLuongTon`, `SoLuongBan`, `SoLuocXem`, `MoTa`, `BiXoa`, `MaLoaiSanPham`, `MaHangSanXuat`) VALUES (11, 'HENNESSY PARADIS RARE COGNAC ', '11.jpg', 17000000, '2017-01-01', 12, 6, 15, '<div>HENNESSY PARADIS RARE COGNAC </div><ul><li>Paradis được xác định bởi sự khéo léo của mình, tinh tế của nó. Paradis đưa chúng ta vào cõi của cảm xúc </li><li>Hennessy Paradis đã được tạo ra vào năm 1979 bởi Maurice Fillioux.</li><li>Vẽ từ di sản của ông nội eaux de vie của mình, Maurice Fillioux ban sự sống cho cognac hoàn toàn hài hòa này.</li><li>Nó lấy tên từ các hầm rượu Paradis, một nơi huyền thoại tại Hennessy Maison.</li><li>\"Paradis\" đề cập đến các hầm sử dụng dành riêng cho sự chưng cất lâu năm đặc biệt nhất eaux-de-vie Hennessy của.</li><li>Hầm rượu Paradis là người giám hộ linh hồn của Maison.</li><li>Đối với ít nhất năm thập kỷ, các eaux-de-vie - lưu trữ trong các thùng gỗ sồi có tannin đã được phát hành trong những năm qua - trưởng thành từ từ cho đến khi chúng đạt đến một cấp độ có một không hai của sự tinh khiết.</li><li>Hennessy Paradis là hiện thân của tinh thần này và của vị trí này.</li><li>Xuất xứ: Rượu Pháp</li><li>Dung tích (ml): 700</li><li>Nồng độ (%): 40</li></ul>', 0, 2, 2);
INSERT INTO `SanPham` (`MaSanPham`, `TenSanPham`, `HinhURL`, `GiaSanPham`, `NgayNhap`, `SoLuongTon`, `SoLuongBan`, `SoLuocXem`, `MoTa`, `BiXoa`, `MaLoaiSanPham`, `MaHangSanXuat`) VALUES (12, 'Hennessy VSOP Deluxe Limited Edition Gift 2016 ', '12.jpg', 1380000, '2017-01-01', 15, 6, 17, '<div>Hennessy VSOP Deluxe Limited Edition Gift 2016 </div><ul><li>Hennessy VSOP Deluxe Limited Edition Gift 2016 Phiên bản mới của Hennessy năm 2016, Năm 1817, Đức Vua tương lai George IV của nước Anh (khi đó chưa lên ngôi) đã đề nghị Hennessy cung cấp cho Ngài một loại rượu mà ông mô tả theo đặt hàng là “Very Superior, Old and Pale cognac” và thế làHennessy đã sản xuất loại rượu viết tắt theo đặt hàng của Hoàng Gia Anh là “V.S.O.P.” (V = Very, S = Superior, O = Old, P = Pale)</li><li> Đến thế kỷ 19, nhãn hiệu rượu Hennessy V.S.O.P. pha chế với khoảng 60 loại rượu nho “Aux-de-vie” cao tuổi tối thiểu 15 năm và chỉ dùng nho của 4 vườn nho hàng đầu trong khu vực Cognac mà thôi.</li><li>Xuất xứ: Rượu Pháp</li><li>Dung tích (ml): 700</li><li>Nồng độ (%): 40</li></ul>', 0, 2, 2);
INSERT INTO `SanPham` (`MaSanPham`, `TenSanPham`, `HinhURL`, `GiaSanPham`, `NgayNhap`, `SoLuongTon`, `SoLuongBan`, `SoLuocXem`, `MoTa`, `BiXoa`, `MaLoaiSanPham`, `MaHangSanXuat`) VALUES (13, 'Hennessy X.O Gift Box 2016 ', '13.jpg',  4260000 , '2017-01-01', 14, 6, 15, '<div>Hennessy X.O Gift Box 2016 </div><ul><li>Hennessy XO là rượu Cognac XO đầu tiên ra đời vào năm 1870, mạnh mẽ và giàu hương vị Hennessy X.O là nguồn cảm hứng vô tận thông qua sự trải nghiệm đầy gợi cảm</li><li>Hennessy XO thường được thưởng thức ở dạng nguyên chất để có thể đạt tới hương vị chuẩn mực .Cho đến tận ngày nay , dòng rượu này luôn được coi là biểu tượng của sự xa hoa , quý phái . Sự giàu cá tính được nâng cao bởi chiếc bình thon cổ đặc biệt được thiết kế năm 1947 .</li><li>Hennessy XO Được pha chế từ hơn 100 loại rượu cốt khác nhau , là dòng rượu Cognac ” cực kỳ lâu đời ” đầu tiên , với hương vị mạnh mẽ , nam tính , và hào hiệp – một hương vị thực sự tuyệt vời . Có thể nói Hennessy XO là nguồn cảm hứng vô tận thông qua sự trải nghiệm đầy gợi cảm.</li><li>Xuất xứ: Rượu Pháp</li><li>Dung tích (ml): 700</li><li>Nồng độ (%): 40</li></ul>', 0, 2, 2);
INSERT INTO `SanPham` (`MaSanPham`, `TenSanPham`, `HinhURL`, `GiaSanPham`, `NgayNhap`, `SoLuongTon`, `SoLuongBan`, `SoLuocXem`, `MoTa`, `BiXoa`, `MaLoaiSanPham`, `MaHangSanXuat`) VALUES (14, 'Hennessy XO Exclusive Collection 2016 ', '14.jpg',  5180000 , '2017-01-01', 12, 6, 12, '<div>Hennessy XO Exclusive Collection 2016 </div><ul><li>Bộ sưu tập độc đáo HENNESSY X.O Exclusive Edition thể hiện tinh thần tiên phong, táo bạo củaHennessy.</li><li>Đây là phiên bản hạn chế hiếm có, tái hiện trong một thiết kế mới mỗi năm, chuyển tải một nhu cầu mạnh mẽ và cách tân trong việc tìm kiếm những giá trị hiện đại và độc đáo, biến sản phẩm thành một biểu tượng nam tính và mạnh mẽ, một sự khẳng định về tính cao quý.</li><li>Xuất xứ: Rượu Pháp</li><li>Dung tích (ml): 700</li><li>Nồng độ (%): 40</li></ul>', 0, 2, 2);
INSERT INTO `SanPham` (`MaSanPham`, `TenSanPham`, `HinhURL`, `GiaSanPham`, `NgayNhap`, `SoLuongTon`, `SoLuongBan`, `SoLuocXem`, `MoTa`, `BiXoa`, `MaLoaiSanPham`, `MaHangSanXuat`) VALUES (15, 'Hennessy 250TH ANNIVERSARY COLLECTOR BLEND ', '15.jpg', 16100000, '2017-01-01', 8, 2, 15, '<div>Hennessy 250TH ANNIVERSARY COLLECTOR BLEND </div><ul><li>Sự pha trộn rất đặc biệt cho lễ kỷ niệm 250 năm của hãng Hennessy. Các eaux-de-vie từ 15 đến 35 tuổi và đã được ủ trong thùng trẻ. Các lựa chọn eaux-de-vie được đặc trưng bởi khả năng của họ để đạt được một sự cân bằng tốt khi chúng trưởng thành theo thời gian để tìm thấy những điểm hoàn hảo của sự hài hòa giữa quyền lực, sự lanh lẹ và sang trọng. Ghi nhận của một số cho sức sống của sản phẩm, sự pha trộn này tinh tế và chuyên nghiệp được kết hợp của eaux-de-vie tạo một cognac riêng biệt, tràn đầy sức sống và mạnh mẽ. Các phương pháp tiếp cận để việc hoàn thiện các cognac này, sau quá trình pha trộn, đã thích nghi đặc biệt với đặc điểm của Cognac đặc biệt này để kích hoạt nó và trưởng thành trong điều kiện lý tưởng: Chọn lọc trong 250 thùng mỗi 250 lít, cẩn thận lưu trữ ở mặt đất bằng bờ sông Charente và thủ công bởi các Coopers tại La Sarrazine cho nhân dịp kỷ niệm 250 năm của Maison Hennessy.</li><li>Lựa chọn Các eaux-de-vie chọn để cognac này được đặc trưng bởi khả năng của họ để đạt được một sự cân bằng tốt khi chúng trưởng thành theo thời gian để tìm thấy những điểm hoàn hảo của sự hài hòa giữa quyền lực, sự lanh lẹ và sang trọng. Những eaux-de-vie được xác định và lựa chọn chủ yếu cho các nhân vật giàu có của họ và chất thơm rất biểu cảm. Supple và xác định rõ ràng ngay từ đầu, chúng thể hiện một sức sống tinh túy cung cấp cho sản phẩm sự sang trọng và mạnh mẽ của dòng cognac này.</li><li>Xuất xứ: Rượu Pháp</li><li>Dung tích (ml): 700</li><li>Nồng độ (%): 40</li></ul>', 0, 2, 2);
INSERT INTO `SanPham` (`MaSanPham`, `TenSanPham`, `HinhURL`, `GiaSanPham`, `NgayNhap`, `SoLuongTon`, `SoLuongBan`, `SoLuocXem`, `MoTa`, `BiXoa`, `MaLoaiSanPham`, `MaHangSanXuat`) VALUES (16, 'Hennessy X.O 3 liter ', '16.jpg', 18400000 , '2017-01-01', 5, 2, 18, '<div>Hennessy X.O 3 liter </div><ul><li>Hennessy XO là rượu Cognac XO đầu tiên ra đời vào năm 1870, mạnh mẽ và giàu hương vị Hennessy X.O là nguồn cảm hứng vô tận thông qua sự trải nghiệm đầy gợi cảm </li><li>Hennessy XO thường được thưởng thức ở dạng nguyên chất để có thể đạt tới hương vị chuẩn mực </li><li>Cho đến tận ngày nay , dòng rượu này luôn được coi là biểu tượng của sự xa hoa , quý phái . Sự giàu cá tính được nâng cao bởi chiếc bình thon cổ đặc biệt được thiết kế năm 1947 </li><li>Hennessy XO Được pha chế từ hơn 100 loại rượu cốt khác nhau , là dòng rượu Cognac ” cực kỳ lâu đời ” đầu tiên , với hương vị mạnh mẽ , nam tính , và hào hiệp – một hương vị thực sự tuyệt vời . Có thể nói Hennessy XO là nguồn cảm hứng vô tận thông qua sự trải nghiệm đầy gợi cảm.</li><li>Xuất xứ: Rượu Pháp</li><li>Dung tích (ml): 3000</li><li>Nồng độ (%): 40</li></ul>', 0, 2, 2);
INSERT INTO `SanPham` (`MaSanPham`, `TenSanPham`, `HinhURL`, `GiaSanPham`, `NgayNhap`, `SoLuongTon`, `SoLuongBan`, `SoLuocXem`, `MoTa`, `BiXoa`, `MaLoaiSanPham`, `MaHangSanXuat`) VALUES (17, 'Hennessy Paradis Extra ', '17.jpg', 18400000, '2017-01-01', 8, 3, 17, '<div>Hennessy Paradis Extra </div><ul><li>Hennessy Paradis Extra được pha chế từ 100 loại rượu cốt từ những khu vực trồng nho tốt nhất tại cognac , thông qua quá trình lựa chọn khắt khe những loại eau-de-vie hảo hạng nhất. Đây là một trong những loại sành điệu nhất của dòng rượu hennessy</li><li>Khác với Hennessy XO, Hennessy Paradis mở ra khuynh hướng cho cách tận hưởng lạc thú tao nhã và lịch lãm.</li><li>Xuất xứ: Rượu Pháp</li><li>Dung tích (ml): 750</li><li>Nồng độ (%): 40</li></ul>', 0, 2, 2);
INSERT INTO `SanPham` (`MaSanPham`, `TenSanPham`, `HinhURL`, `GiaSanPham`, `NgayNhap`, `SoLuongTon`, `SoLuongBan`, `SoLuocXem`, `MoTa`, `BiXoa`, `MaLoaiSanPham`, `MaHangSanXuat`) VALUES (18, 'Hennessy Paradis Imperial ', '18.jpg',  48300000, '2017-01-01', 9, 3, 17, '<div>Hennessy Paradis Imperial </div><ul><li>Hennessy đã tái tạo cách thức pha chế rượu dành cho hoàng đế sử dụng loại rượu tâm từ thế kỷ 18 và 19.</li><li>Cách thức pha chế loại rượu tâm đặc biệt, ngon và gợi cảm được chọn riêng cho công thức pha chế bí mật của rượu Paradis Imperial. Loại rựou là thành quả của những thế hệ tài năng trong gia đình Fillioux.</li><li>Được truyền cảm hứng từ Paradis đại diện cho khái niệm đặc biệt về vẻ tao nhã, Paradis Imperial chứa đựng trong mình những nét tinh tế mà thậm chí dễ cảm nhận hơn, đặc tả một sự kết hợp có một không hai và vô cùng tuyệt vời của loại rượu tâm tinh tuý nhất trong kho tàng quý báu của dòng họ Hennessy.</li><li>Xuất xứ: Rượu Pháp</li><li>Dung tích (ml): 700</li><li>Nồng độ (%): 40</li></ul>', 0, 2, 2);
INSERT INTO `SanPham` (`MaSanPham`, `TenSanPham`, `HinhURL`, `GiaSanPham`, `NgayNhap`, `SoLuongTon`, `SoLuongBan`, `SoLuocXem`, `MoTa`, `BiXoa`, `MaLoaiSanPham`, `MaHangSanXuat`) VALUES (19, 'Hennessy Richard ', '19.jpg', 69000000 , '2017-01-01', 7, 2, 16, '<div>Hennessy Richard </div><ul><li>Richard Hennessy, nhãn hiệu thể hiện lòng tôn kính với người sáng lập ra Hennessy , nó được thẩm định đánh giá bởi những chuyên gia nổi tiếng sành sỏi & giàu kinh nghiệm với những dòng Cognac hàng đầu . Đầy đủ mọi tố chất với khả năng vô tận , sự trưởng thành cùng kết hợp với sự trẻ trung , lịch lãm , một sự hài hòa đến tuyệt hảo trong hương vị Cognac là thành phần tinh túy của Hennessy .</li><li>Có thể nói Richard Hennessy là sự cô đọng , tinh túy của sự sáng tạo và hiểu biết trong suốt hơn 200 năm . Dòng sản phẩm này là kết tinh của sự chọn lọc, ủ và pha chế những loại eau-de-vie hảo hạng của vùng Cognac .</li><li>Richard Hennessy là sự kết hợp hoàn hảo của Grands Siecles , là sự pha trộn tuyệt vời của 100 loại eau-de-vie hảo hạng được ủ và trưởng thành vào thời điểm hoàn thiện nhất . Một số loại trong đó có từ thế kỉ 19 được bảo quản tự nhiên bởi tổ tiên của ngài Yann Fillioux - thế hệ thứ 7 của những chuyên gia pha chế trong cùng dòng họ - những người ngày nay chuyên pachế dòng Richard Hennessy . Richard Hennessy được coi là \" điểm đến cuối cùng của Cognac hảo hạng \", nó là sự tiếp nối cuộc đối thoại giữa quá khứ và hiện tại .</li><li>Xuất xứ: Rượu Pháp</li><li>Dung tích (ml): 700ml</li><li>Nồng độ (%): 40</li></ul>', 0, 2, 2);
INSERT INTO `SanPham` (`MaSanPham`, `TenSanPham`, `HinhURL`, `GiaSanPham`, `NgayNhap`, `SoLuongTon`, `SoLuongBan`, `SoLuocXem`, `MoTa`, `BiXoa`, `MaLoaiSanPham`, `MaHangSanXuat`) VALUES (20, 'Royal Salute 21yo gift box 2017 ', '20.jpg', 3150000, '2017-01-01', 16, 5, 17, '<div>Royal Salute 21yo gift box 2017 </div><ul><li>Royal Salute 21yo Gift box</li><li>Royal Salute được tạo ra cho lễ đăng quang của nữ hoàng Elizabeth đệ nhị , dòng rượu này là sự kết hợp của các loại whisky hảo hạng có độ tuổi ít nhất là 21 năm .</li><li>Trong các loại Rượu Chivas, Royal Salute 21yo là một kết hợp thật sự khác biệt của những nguyên liệu hiếm có. Được công nhận là loại whisky tuyệt hảo đầu tiên của xứ Scốtlen bởi những nhà am hiểu, Royal Salute được tạo nên bởi anh em nhà Chivas với thương hiệu Chivas Regal để mừng lễ đăng quang của Nữ hoàng Elizabeth II vào năm 1953.</li><li>Gần đây nhất, Royal Salute nhận được giải thưởng “Whisky ngon nhất xứ Scốtlen” tại giải “International Spirits Challenge” và giải “Rượu mạnh ngon nhất xứ Scốtlen” vào năm 2002. Viện kiểm tra chất lượng đồ uống (Beverage Testing Institute) đã xác nhận Royal Salute là một trong những whisky hàng đầu thế giới.</li><li>Royal Salute 21yo có thiết kế là chai sứ thủ công nghệ thuật , rượu có mầu vàng hổ phách lông lẫy cùng mùithơm cân bằng của Trái cây , hương Hoa và Khói , là sự kết hợp đầy lý thú của những hương vị ngọt ngào sâu lắng , êm dịu và thơm ngon . Dư vị ấm áp , kéo dài và đáng nhớ</li><li>Cuối năm 2015 , Rượu Royal Salute 21yo thay đổi mẫu mã sản phẩm . Việc thay đổi này không chỉ làm mới sản phẩm mà còn là phương pháp chống hàng giả , hàng nhái một cách hữu hiệu nhất . Có thể nói Chivas Brothers là một trong những hãng rượu ngoại có cách đổi mới sản phẩm để chông hàng giả tốt nhất trên Thị trường hiện nay</li><li>Xuất xứ: Rượu Scotland</li><li>Dung tích (ml): 700</li><li>Nồng độ (%): 40</li></ul>', 0, 3, 3);
INSERT INTO `SanPham` (`MaSanPham`, `TenSanPham`, `HinhURL`, `GiaSanPham`, `NgayNhap`, `SoLuongTon`, `SoLuongBan`, `SoLuocXem`, `MoTa`, `BiXoa`, `MaLoaiSanPham`, `MaHangSanXuat`) VALUES (21, 'Chivas Regal 12yo gift box 2017 ', '21.jpg', 660000, '2017-01-01', 13, 6, 16, '<div>Chivas Regal 12yo gift box 2017</div><ul><li>Chivas 12 năm là sản phẩm chứa nhiều lớp Whisky Lúa mạch và Whisky Mạch nha khác nhau , được chưng cất từ nhiều vùng khắp đất nước Scotland . Một sản phẩm chủ lực khởi nguồn của dòng rượu Chivas thương hiệu đang chờ được khám phá :</li><li>Rượu Chivas 12 là kết quả của sự pha trộn các loại rượu Whisky khác nhau , với độ tuổi trưởng thành của rượu ở trong thùng gỗ Sồi ít nhất là 12 năm . Nói một cách khác thì Rượu Chivas 12 năm là sự pha trộn hài hòa giữa truyền thống lâu đời và hiện đại của Scotland để tạo ra một loại Rượu Whisky pha trộn có Thương hiệu nổi tiếng Thế giới</li><li>Rượu Chivas 12 yo - Khởi nguồn của dòng rượu Chivas Thương hiệu Quốc tế có dáng chai tròn cổ điển thuôn tròn từ trên xuống dưới phình to ra . Chivas 12 yo có mầu vàng rực rỡ và là một hỗn hợp của nhiều loại rượu Whisky có tuổi trưởng thành ở trong những thùng gỗ Sồi không dưới 12 năm . Rượu Chivas 12 năm có mùi hương thơm quyến rũ lan tỏa của Thảo mộc hoang dã , Cây thạch nam , Mật ong và Trái cây vườn thơm mát</li><li>Xuất xứ: Rượu Scotland</li><li>Dung tích (ml): 750</li><li>Nồng độ (%): 40</li></ul>', 0, 3, 3);
INSERT INTO `SanPham` (`MaSanPham`, `TenSanPham`, `HinhURL`, `GiaSanPham`, `NgayNhap`, `SoLuongTon`, `SoLuongBan`, `SoLuocXem`, `MoTa`, `BiXoa`, `MaLoaiSanPham`, `MaHangSanXuat`) VALUES (22, 'Chivas Regal 18 Year Old Pininfarina ', '22.jpg', 1400000, '2017-01-01', 15, 7, 18, '<div>Chivas Regal 18 Year Old Pininfarina </div><ul><li>Chivas Regal 18 Year Old và Pininfarina đã đi cùng nhau lần đầu tiên tạo ra các phiên bản giới hạn: Chivas 18 bởi Pininfarina. Các khí động học, thiết kế phiên bản giới hạn \'The Drop \"được lấy cảm hứng từ không khí và chất lỏng, kết hợp cả hai viện trong nhiệm vụ liên tục của họ cho vẻ đẹp, sự hài hòa và, cuối cùng, niềm vui. Limited Edition 2, biểu thức thứ hai của quan hệ đối tác, các tính năng của tín hiệu thiết kế tương tự, nhưng có họ xa hơn nữa bằng tính năng một inlay gỗ rắn và thậm chí là khí động học hơn. Tự hào được trình bày chai phiên bản giới hạn, nó cũng bao gồm hai ly mà echo thiết kế thả - một sáng tạo độc quyền cho Chivas 18, được thiết kế bởi Pininfarina. Mỗi đơn vị được đánh số riêng, để làm nổi bật tình trạng phiên bản giới hạn của nó.</li><li>Xuất xứ: Rượu Scotland</li><li>Dung tích (ml): 700</li><li>Nồng độ (%): 40</li></ul>', 0, 3, 3);
INSERT INTO `SanPham` (`MaSanPham`, `TenSanPham`, `HinhURL`, `GiaSanPham`, `NgayNhap`, `SoLuongTon`, `SoLuongBan`, `SoLuocXem`, `MoTa`, `BiXoa`, `MaLoaiSanPham`, `MaHangSanXuat`) VALUES (23, 'Rượu CHIVAS 18 YEARS gift box 2017 ', '23.jpg', 1450000, '2017-01-01', 16, 7, 19, '<div>Rượu CHIVAS 18 YEARS gift box 2017 </div><ul><li>Trong các loại Rượu Chivas, Chivas Regal 18 Year Old mang đến cho bạn những trải nghiệm về rượu whisky vô cùng đáng giá bởi vì đây là một loại whisky với nguyên liệu được lựa chọn kỹ càng bằng tay, mang đến một hương thơm ngát thật khác biệt.</li><li>Cụ thể hơn, những hạt ngũ cốc và mạch nha ngon nhất và tốt nhất được chọn lựa và sau đó chúng được ủ riêng biệt trong những thùng gỗ sồi có tuổi từ 18 năm trở lên trong một thời gian nhất định. Cuối cùng chúng được hòa trộn với nhau để tạo thành Chivas Regal 18yo.</li><li>Chivas 18 năm là sự lựa chọn và pha trộn một cách tỷ mỷ và sành điệu các loại Rượu Whisky của chuyên gia pha chế rượu lừng danh Colin Scott . Nó là sản phẩm chứa nhiều lớp Whisky Lúa mạch và Whisky Mạch nha khác nhau được chưng cất từ nhiều vùng khắp Scotland . Một sản phẩm Rượu Whisky pha trộn cao cấp đang chờ được khám phá </li><li>Rượu Chivas 18 năm là sản phẩm tầm trung nhưng rất được đầu tư nên có chất lượng cao , mẫu mã sản phẩm sang trọng . Chivas 18 năm là một hỗn hợp của rượu Whisky trưởng thành ở trong thùng gỗ Sồi từ 18 năm trở lên . Chivas 18 năm với dáng chai tròn cổ điển thuôn tròn từ trên xuống dưới phình to , và có mầu da cam rực rỡ , Hương vị đậm đà nồng ấm với hương thơm của Chocola , Cam , Chanh và Gia vị và một ít vị khói</li><li>Rượu Chivas 18 thường được sử dụng làm đồ uống trong những Bữa tiệc sang trọng , các cuộc vui sum họp bạn bè hoặc làm quà biếu cho Người thân và Đối tác làm ăn</li><li>Xuất xứ: Rượu Scotland</li><li>Dung tích (ml): 750</li><li>Nồng độ (%): 40</li></ul>', 0, 3, 3);
INSERT INTO `SanPham` (`MaSanPham`, `TenSanPham`, `HinhURL`, `GiaSanPham`, `NgayNhap`, `SoLuongTon`, `SoLuongBan`, `SoLuocXem`, `MoTa`, `BiXoa`, `MaLoaiSanPham`, `MaHangSanXuat`) VALUES (24, 'Royal Salute 32 Years (Chivas 32YO) ', '24.jpg', 8500000, '2017-01-01', 18, 6, 15, '<div>Royal Salute 32 Years (Chivas 32YO) </div><ul><li>Phiên bản đặc biệt được hãng Chivas tung ra năm 2016 là Royal Salute 32yo Là sự kết hợp giữa Royal và Crowns.</li><li>Đây là một sự pha trộn tinh tế kết hợp giữa  mạch nha đơn chất và ngũ cốc whisky quý ủ ít nhất 32 năm. Kỷ niệm sự sáng tạo của British Monarchy hiện đại, đó là nguồn cảm hứng và những giá trị của thương hiệu, Sản phẩm sẽ thu hút người hâm mộ tìm kiếm một trải nghiệm whisky hiếm có và sẽ có độc quyền thông qua bán lẻ du lịch toàn cầu.</li><li>Royal Salute 32 Year Old Kết hợp các Crowns để tôn vinh các sự kiện của năm 1603, khi vua James VI hợp nhất ba vương quốc hùng mạnh để tạo ra các chế độ quân chủ Anh hiện đại. Phản ánh ý nghĩa của sự kiện lịch sử này, các loại mạch nha đơn hiếm ở Royal Salute 32 Year Old Liên hiệp các Crowns cũng cho thấy sức mạnh của sự đoàn kết, kết hợp whisky quý giá để tạo ra một trải nghiệm tuyệt vời mà có thể tự hào là lớn hơn tổng của các thành phần của nó.</li><li>Xuất xứ: Rượu Scotland</li><li>Dung tích (ml): 500</li><li>Nồng độ (%): 40</li></ul>', 0, 3, 3);
INSERT INTO `SanPham` (`MaSanPham`, `TenSanPham`, `HinhURL`, `GiaSanPham`, `NgayNhap`, `SoLuongTon`, `SoLuongBan`, `SoLuocXem`, `MoTa`, `BiXoa`, `MaLoaiSanPham`, `MaHangSanXuat`) VALUES (25, 'Chivas 25yo New ', '25.jpg', 6150000, '2017-01-01', 15, 7, 23, '<div>Chivas 25yo New </div><ul><li>Chivas Regal 25 Years Original là dòng whisky hiếm có được pha trộn từ những loại whisky Scotch hảo hạng nhất, sản xuất với số lượng có hạn và được đánh số riêng trên mỗi chai .</li><li>Chivas Regal 25 Year Old mang đến cho bạn những trải nghiệm về rượu whisky vô cùng đáng giá bởi vì đây là một loại whisky với nguyên liệu được lựa chọn kỹ càng bằng tay, mang đến một hương thơm ngát thật khác biệt. Cụ thể hơn, những hạt ngũ cốc và mạch nha ngon nhất và tốt nhất được chọn lựa và sau đó chúng được ủ riêng biệt trong những thùng gỗ sồi có tuổi từ 18 năm trở lên trong một thời gian nhất định. Cuối cùng chúng được hòa trộn với nhau để tạo thànhChivas Regal 25yo.</li><li>Xuất xứ: Rượu Scotland</li><li>Dung tích (ml): 700</li><li>Nồng độ (%): 40</li></ul>', 0, 3, 3);
INSERT INTO `SanPham` (`MaSanPham`, `TenSanPham`, `HinhURL`, `GiaSanPham`, `NgayNhap`, `SoLuongTon`, `SoLuongBan`, `SoLuocXem`, `MoTa`, `BiXoa`, `MaLoaiSanPham`, `MaHangSanXuat`) VALUES (26, 'Royal Salute 21yo 2015 ', '26.jpg', 2400000, '2017-01-01', 18, 7, 25, '<div>Royal Salute 21yo 2015 </div><ul><li>Chivas Royal Salute được tạo ra cho lễ đăng quang của nữ hoàng Elizabeth đệ nhị , dòng rượu này là sự kết hợp của các loại whisky hảo hạng có độ tuổi ít nhất là 21 năm .</li><li>Trong các loại Rượu Chivas, Royal Salute 21 là một kết hợp thật sự khác biệt của những nguyên liệu hiếm có. Được công nhận là loại whisky tuyệt hảo đầu tiên của xứ Scốtlen bởi những nhà am hiểu, Royal Salute được tạo nên bởi anh em nhà Chivas với thương hiệu Chivas Regal để mừng lễ đăng quang của Nữ hoàng Elizabeth II vào năm 1953.</li><li>Gần đây nhất, Royal Salute nhận được giải thưởng “Whisky ngon nhất xứ Scốtlen” tại giải “International Spirits Challenge” và giải “Rượu mạnh ngon nhất xứ Scốtlen” vào năm 2002. Viện kiểm tra chất lượng đồ uống (Beverage Testing Institute) đã xác nhận Royal Salute là một trong những whisky hàng đầu thế giới.</li><li>Xuất xứ: Rượu Scotland</li><li>Dung tích (ml): 700</li><li>Nồng độ (%): 40</li></ul>', 0, 3, 3);
INSERT INTO `SanPham` (`MaSanPham`, `TenSanPham`, `HinhURL`, `GiaSanPham`, `NgayNhap`, `SoLuongTon`, `SoLuongBan`, `SoLuocXem`, `MoTa`, `BiXoa`, `MaLoaiSanPham`, `MaHangSanXuat`) VALUES (27, 'Royal Salute 21yo 2015 gift box ', '27.jpg', 2650000 , '2017-01-01', 13, 5, 26, '<div>Royal Salute 21yo 2015 gift box </div><ul><li>Chivas Royal Salute được tạo ra cho lễ đăng quang của nữ hoàng Elizabeth đệ nhị , dòng rượu này là sự kết hợp của các loại whisky hảo hạng có độ tuổi ít nhất là 21 năm .</li><li>Trong các loại Rượu Chivas, Royal Salute 21 là một kết hợp thật sự khác biệt của những nguyên liệu hiếm có. Được công nhận là loại whisky tuyệt hảo đầu tiên của xứ Scốtlen bởi những nhà am hiểu, Royal Salute được tạo nên bởi anh em nhà Chivas với thương hiệu Chivas Regal để mừng lễ đăng quang của Nữ hoàng Elizabeth II vào năm 19</li><li>Gần đây nhất, Royal Salute nhận được giải thưởng “Whisky ngon nhất xứ Scốtlen” tại giải “International Spirits Challenge” và giải “Rượu mạnh ngon nhất xứ Scốtlen” vào năm 2002. Viện kiểm tra chất lượng đồ uống (Beverage Testing Institute) đã xác nhận Royal Salute là một trong những whisky hàng đầu thế giới.</li><li>Xuất xứ: Rượu Scotland</li><li>Dung tích (ml): 700</li><li>Nồng độ (%): 40</li></ul>', 0, 3, 3);
INSERT INTO `SanPham` (`MaSanPham`, `TenSanPham`, `HinhURL`, `GiaSanPham`, `NgayNhap`, `SoLuongTon`, `SoLuongBan`, `SoLuocXem`, `MoTa`, `BiXoa`, `MaLoaiSanPham`, `MaHangSanXuat`) VALUES (28, 'Rượu CHIVAS 18 YEARS gift box 2016 ', '28.jpg', 1450000 , '2017-01-01', 15, 7, 26, '<div>Rượu CHIVAS 18 YEARS gift box 2016 </div><ul><li>Trong các loại Rượu Chivas, Chivas Regal 18 Year Old mang đến cho bạn những trải nghiệm về rượu whisky vô cùng đáng giá bởi vì đây là một loại whisky với nguyên liệu được lựa chọn kỹ càng bằng tay, mang đến một hương thơm ngát thật khác biệt.</li><li>Cụ thể hơn, những hạt ngũ cốc và mạch nha ngon nhất và tốt nhất được chọn lựa và sau đó chúng được ủ riêng biệt trong những thùng gỗ sồi có tuổi từ 18 năm trở lên trong một thời gian nhất định. Cuối cùng chúng được hòa trộn với nhau để tạo thành Chivas Regal 18.</li><li>Xuất xứ: Rượu Scotland</li><li>Dung tích (ml): 750</li><li>Nồng độ (%): 40</li></ul>', 0, 3, 3);
INSERT INTO `SanPham` (`MaSanPham`, `TenSanPham`, `HinhURL`, `GiaSanPham`, `NgayNhap`, `SoLuongTon`, `SoLuongBan`, `SoLuocXem`, `MoTa`, `BiXoa`, `MaLoaiSanPham`, `MaHangSanXuat`) VALUES (29, 'Chivas 18yo Blue Signature gift box 2016 ', '29.jpg', 1750000, '2017-01-01', 16, 5, 19, '<div>Chivas 18yo Blue Signature gift box 2016 </div><ul><li>Rượu Chivas 18 Blue Signature thuộc danh mục sản phẩm mới nổi bật của Chivas Regal dành cho giới yêu rượu whisky trên toàn thế giới nói chung và Việt Nam nói riêng có niềm đam mê mãnh liệt với rượu mạnh cao cấp và đang kiếm tìm không chỉ sự đổi mới, sáng tạo của thương hiệu mà còn để trải nghiệm. Rượu Chivas 18 Xanh là dòng Chivas đỉnh cao xứng đáng để chia sẻ.</li><li>Tuyệt phẩm mới này sử dụng những loại mạch nha được lựa chọn tỉ mỉ với tỷ lệ cao mạch nha Strathisla và Longmorn để tái tạo hương vị mềm mượt.</li><li>Chivas Regal 18 Blue Signature sở hữu màu xanh dương quyến rũ với hương thơm ngọt, mượt của trái cây tươi chín mềm như: đào, lê và thoang thoảng hương mật ong rừng, mứt và kẹo mềm.</li><li>Thiết kế chai và vỏ ngoài nổi bật, ấn tượng, bắt mắt từ cái nhìn đầu tiên. Việc sáng tạo trong sử dụng tông màu xanh đậm, nhãn Chivas Regal 18 Blue Signature trên thân chai đã khiến chai rượu Chivas 18yo Blue mang đậm sự hôn phối vượt thời gian giữa tuyền thống và hiện đại, giữa nổi bật và độc đáo.</li><li>Sau chiến dịch truyền thông rầm rộ trên toàn cầu, kết quả là một dòng whisky xanh ‘siêu mượt’ thực sự đã làm dấy lên cơn sốt tò mò của giới yêu rượu và đồ uống có màu xanh tuyệt vời này được đánh giá sẽ tạo nên một cuộc hành trình mới cho người tiêu dùng trên toàn thế giới. </li><li>Xuất xứ: Rượu Scotland</li><li>Dung tích (ml): 750</li><li>Nồng độ (%): 40</li></ul>', 0, 3, 3);
INSERT INTO `SanPham` (`MaSanPham`, `TenSanPham`, `HinhURL`, `GiaSanPham`, `NgayNhap`, `SoLuongTon`, `SoLuongBan`, `SoLuocXem`, `MoTa`, `BiXoa`, `MaLoaiSanPham`, `MaHangSanXuat`) VALUES (30, 'Royal Salute - 62 Gun Salute ', '30.jpg', 60000000, '2017-01-01', 17, 7, 25, '<div>Royal Salute - 62 Gun Salute </div><ul><li>Một phiên bản giới hạn sự pha trộn siêu cao cấp từ Pernod Ricard, vượt phạm vi Royal Salute của họ và đặt tên cho các salute 62 khẩu súng bắn cho ngày kỷ niệm hoàng gia. Những loại whisky được sử dụng để làm cho hỗn hợp có độ tuổi ít nhất là 40 năm và nó được đóng gói trong một chai màu xanh thanh lịch, sơn và khảm với 24-carat vàng, và đi kèm trong một trường hợp hoàn toàn màu xanh với một cuốn sách mô tả việc tạo ra sự pha trộn. Whisky Bible Awards 2012: Best cao cấp No Age Statement Blended Scotch của năm</li><li>Được đặt tên sau khi chào súng bắn từ Tháp London mỗi năm để đánh dấu kỷ niệm của Nữ hoàng, đây là một đầu của sự pha trộn nhiều từ Chivas Regal. Tất cả các loại whisky tạo nên sự pha trộn tinh này đều ít nhất bốn mươi tuổi và bao bì được khảm với hai mươi bốn carat vàng.</li><li>The Royal Salute 62 Gun Salute chai được làm bằng pha lê và Darlington là tay thổi và cắt tay. Nó kết hợp tường đôi đục cho phép cắt giảm trang trí được thực hiện cho các bức tường bên ngoài, để lộ bên trong whiskey.</li><li>Xuất xứ: Rượu Scotland</li><li>Dung tích (ml): 700</li><li>Nồng độ (%): 40</li></ul>', 0, 3, 3);
INSERT INTO `SanPham` (`MaSanPham`, `TenSanPham`, `HinhURL`, `GiaSanPham`, `NgayNhap`, `SoLuongTon`, `SoLuongBan`, `SoLuocXem`, `MoTa`, `BiXoa`, `MaLoaiSanPham`, `MaHangSanXuat`) VALUES (31, 'Remy Cannes', '31.jpg', 5230000, '2017-01-01', 15, 4, 25, '<div>Remy Cannes </div><ul><li>Rémy Martin đã phát triển, cho xa hoa XO Excellence của nó, một bình rượu tuyệt vời để kỷ niệm vai trò độc quyền của nó như là nhà cung cấp chính thức cho Liên hoan phim Cannes thứ 68. Các phiên bản giới hạn giới thiệu một chai vàng ngoạn sẽ hấp dẫn những ai thích sự tinh tế, sang trọng và nghệ thuật điện ảnh; cho những người sẽ được xem - cùng với phần còn lại của thế giới - sự kỳ diệu của Liên hoan phim Cannes từ ngày 13-ngày 24 tháng 5 năm 2015.</li><li>Những câu chuyện tình yêu giữa sự pha trộn này đáng chú ý của Fine Champagne và thế giới của bộ phim đã được ra trong hơn một thập kỷ. Mỗi năm, Rémy Martin tạo ra một phiên bản giới hạn mới tuyệt đẹp cho sự kiện này. Cho năm 2015 một cuộn phim tiêu biểu của lọn tóc quanh lấp lánh XO Liên hoan phim Cannes chai, bao trùm nó với vẻ thanh lịch ở cấp độ của các ngôi sao, những người sẽ bước đi trên thảm đỏ tại Cannes.</li><li>Xuất xứ: Rượu Pháp</li><li>Dung tích (ml): 700</li><li>Nồng độ (%): 40</li></ul>', 0, 4, 4);
INSERT INTO `SanPham` (`MaSanPham`, `TenSanPham`, `HinhURL`, `GiaSanPham`, `NgayNhap`, `SoLuongTon`, `SoLuongBan`, `SoLuocXem`, `MoTa`, `BiXoa`, `MaLoaiSanPham`, `MaHangSanXuat`) VALUES (32, 'Remy 1898 ', '32.jpg', 10120000, '2017-01-01', 16, 7, 28, '<div>Remy 1898 </div><ul><li>Remy 1898 Là 1 sự pha trộn giữa cognac cũ (so với XO) và Champagne Fine.</li><li>Sản phẩm này chỉ có thể mua được ở Trung Quốc.</li><li>Số lượng có hạn.</li><li>Xuất xứ: Rượu Pháp</li><li>Dung tích (ml): 700</li><li>Nồng độ (%): 40</li></ul>', 0, 4, 4);
INSERT INTO `SanPham` (`MaSanPham`, `TenSanPham`, `HinhURL`, `GiaSanPham`, `NgayNhap`, `SoLuongTon`, `SoLuongBan`, `SoLuocXem`, `MoTa`, `BiXoa`, `MaLoaiSanPham`, `MaHangSanXuat`) VALUES (33, 'Remy Martin XO 3000ml ', '33.jpg',  20130000, '2017-01-01', 13, 6, 28, '<div>Remy Martin XO 3000ml </div><ul><li>Rémy Martin XO Excellence là loại rượu dùng cho người muốn thưởng thức điều tốt đẹp nhất trong cuộc sống. Để thưởng thức loại rượu này với hương vị đặc trưng và sự đậm đà, chúng ta có thể uống trực tiếp, không pha.</li><li>Rémy Martin X.O Excellence, tốt nhất trong dòng X.O, nổi bật với nét thiết kế độc đáo, phức cảm và nồng nàn, hòa cùng hương vị ngọt ngào và sự cân bằng hoàn hảo. Loại cognac tuyệt vời này dành cho những ai có nhu cầu tận hưởng những điều tốt đẹp nhất trong cuộc sống.</li><li>Xuất xứ: Rượu Pháp</li><li>Dung tích (ml): 3000</li><li>Nồng độ (%): 40</li></ul>', 0, 4, 4);
INSERT INTO `SanPham` (`MaSanPham`, `TenSanPham`, `HinhURL`, `GiaSanPham`, `NgayNhap`, `SoLuongTon`, `SoLuongBan`, `SoLuocXem`, `MoTa`, `BiXoa`, `MaLoaiSanPham`, `MaHangSanXuat`) VALUES (34, 'Remy Martin Louis XIII', '34.jpg', 62100000 , '2017-01-01', 10, 5, 20, '<div>Remy Martin Louis XIII </div><ul><li>Remy Martin Louis XIII Được pha chế từ hơn 1,200 loại  eaux-de-vie (rượu nguyên chất) 100% nho quý hiếm của vùng Grande Champagne. sieu thi ruou ngoai xin giới thiệu đây là loại rượu remy quý hiếm bậc nhất</li><li>Hộp được làm bằng da cao cấp.</li><li>Vỏ chai làm bằng pha lê Baccarat và được chế tác bằng tay.</li><li>Độ tuổi : 40 năm - 100 năm</li><li>100% nho vùng Grand Champagne</li><li>Không chỉ là một chai rượu mà là 1 tác phẩm nghệ thuật đầy đẳng cấp, là loại rượu cognac sang trọng bậc nhất trên thế giới.</li><li>Xuất xứ: Rượu Pháp</li><li>Dung tích (ml): 700</li><li>Nồng độ (%): 40</li></ul>', 0, 4, 4);
INSERT INTO `SanPham` (`MaSanPham`, `TenSanPham`, `HinhURL`, `GiaSanPham`, `NgayNhap`, `SoLuongTon`, `SoLuongBan`, `SoLuocXem`, `MoTa`, `BiXoa`, `MaLoaiSanPham`, `MaHangSanXuat`) VALUES (35, 'Remy martin XO gift box 2015 ', '35.jpg',  3200000 , '2017-01-01', 16, 8, 25, '<div>Remy martin XO gift box 2015 </div><ul><li>Rémy Martin XO Excellence là loại rượu dùng cho người muốn thưởng thức điều tốt đẹp nhất trong cuộc sống. Để thưởng thức loại rượu này với hương vị đặc trưng và sự đậm đà, chúng ta có thể uống trực tiếp, không pha. Rémy Martin X.O Excellence, tốt nhất trong dòng X.O, nổi bật với nét thiết kế độc đáo, phức cảm và nồng nàn, hòa cùng hương vị ngọt ngào và sự cân bằng hoàn hảo. Loại cognac tuyệt vời này dành cho những ai có nhu cầu tận hưởng những điều tốt đẹp nhất trong cuộc sống.</li><li>Rémy Martin XO Excellence là loại rượu dùng cho người muốn thưởng thức điều tốt đẹp nhất trong cuộc sống. Để thưởng thức loại rượu này với hương vị đặc trưng và sự đậm đà, chúng ta có thể uống trực tiếp, không pha</li><li>Rémy Martin X.O Excellence, tốt nhất trong dòng X.O, nổi bật với nét thiết kế độc đáo, phức cảm và nồng nàn, hòa cùng hương vị ngọt ngào và sự cân bằng hoàn hảo. Loại cognac tuyệt vời này dành cho những ai có nhu cầu tận hưởng những điều tốt đẹp nhất trong cuộc sống.</li><li>Xuất xứ: Rượu Pháp</li><li>Dung tích (ml): 700</li><li>Nồng độ (%): 40</li></ul>', 0, 4, 4);
INSERT INTO `SanPham` (`MaSanPham`, `TenSanPham`, `HinhURL`, `GiaSanPham`, `NgayNhap`, `SoLuongTon`, `SoLuongBan`, `SoLuocXem`, `MoTa`, `BiXoa`, `MaLoaiSanPham`, `MaHangSanXuat`) VALUES (36, 'Remy Martin VSOP Black 3000ml ', '36.jpg', 6900000, '2017-01-01', 13, 8, 26, '<div>Remy Martin VSOP Black 3000ml </div><ul><li>Remy Martin VSOP chứa trong Hộp quà màu đỏ mang lại sự may mắn cho người nhận.Có màu vàng hổ phách đậm hơn V.S, V.S.O.P (viết tắt của “Very Special Old Pale”) với hương thơm tươi mát của vani, sồi limousin, hoa hồng khô và quả mơ, để lại vị ngọt lịm và ấm áp.Hộp quà và tặng phẩm có chất lượng cao cấp, ngoại nhập</li><li>VSOP của Rượu Remy Martin là loại VSOP nổi tiếng nhất trên thế giới. Cứ 3 chai rượu VSOP bán trên thế giới thì một trong số đó sẽ mang nhãn Rémy Martin.Hương vị nồng nàn & mượt mà như nhung.</li><li>Xuất xứ: Rượu Pháp</li><li>Dung tích (ml): 3000</li><li>Nồng độ (%): 40</li></ul>', 0, 4, 4);
INSERT INTO `SanPham` (`MaSanPham`, `TenSanPham`, `HinhURL`, `GiaSanPham`, `NgayNhap`, `SoLuongTon`, `SoLuongBan`, `SoLuocXem`, `MoTa`, `BiXoa`, `MaLoaiSanPham`, `MaHangSanXuat`) VALUES (37, 'Remy Martin VSOP Gift box 2016 ', '37.jpg', 1100000, '2017-01-01', 14, 6, 27, '<div>Remy Martin VSOP Gift box 2016 </div><ul><li>Rémy Martin VSOP được chế biến từ những nước trường sinh (eaux-de-vie)  được chiết xuất chỉ từ những vườn nho kỳ vọng nhất của vùng Cognac : Grande Champagne và Petite Champagne. Những eaux-de-vie này cũng cấp một tiềm năng lão hóa đặc biệt và được gọi là Fine Champagne Cognac.</li><li>Từ trái cây: Hương nồng nàn từ các loại trái cây mùa hè, đặc biệt là mơ và đào chín Từ hoa: Hương thơm nhẹ nhàng tươi mát của hoa dại, đặc biệt là hoa violet Mùi tạo ra khi được ủ trong thùng gỗ sồi: Chủ yếu là vani, phảng phất hương cam thảo</li><li>Một sự pha trộn hoàn hảo giữa các loại trái cây chín</li><li>Xuất xứ: Rượu Pháp</li><li>Dung tích (ml): 700</li><li>Nồng độ (%): 40</li></ul>', 0, 4, 4);
INSERT INTO `SanPham` (`MaSanPham`, `TenSanPham`, `HinhURL`, `GiaSanPham`, `NgayNhap`, `SoLuongTon`, `SoLuongBan`, `SoLuocXem`, `MoTa`, `BiXoa`, `MaLoaiSanPham`, `MaHangSanXuat`) VALUES (38, 'Remy Martin CLUB Gift box ', '38.jpg',  1890000, '2017-01-01', 15, 8, 26, '<div>Remy Martin CLUB Gift box </div><ul><li>Là một loại rượu Cognac đặc biệt, dùng trong những cuộc họp mặt trang trọng của quý ông. Mang hương vị trái cây và tự nhiên, Rémy Martin Club cũng là một loại rượu remy dễ pha với thức uống khác. </li><li>Được pha chế từ nhiều loại eau-de-vie (rượu nguyên chất)</li><li>70% nho vùng Grande Champagne & 30% vùng Petite ChampagneClub đạt đến đỉnh cao của nghệ thuật làm cognac, với hương vị đậm đà, êm và mượt như nhung.</li><li>Xuất xứ: Rượu Pháp</li><li>Dung tích (ml): 700</li><li>Nồng độ (%): 40</li></ul>', 0, 4, 4);
INSERT INTO `SanPham` (`MaSanPham`, `TenSanPham`, `HinhURL`, `GiaSanPham`, `NgayNhap`, `SoLuongTon`, `SoLuongBan`, `SoLuocXem`, `MoTa`, `BiXoa`, `MaLoaiSanPham`, `MaHangSanXuat`) VALUES (39, 'Remy Martin XO Gift box 2016 ', '39.jpg',  3100000, '2017-01-01', 13, 7, 28, '<div>Remy Martin XO Gift box 2016 </div><ul><li>Rémy Martin XO Excellence là loại rượu dùng cho người muốn thưởng thức điều tốt đẹp nhất trong cuộc sống. Để thưởng thức loại rượu này với hương vị đặc trưng và sự đậm đà, chúng ta có thể uống trực tiếp, không pha</li><li> Rémy Martin X.O Excellence, tốt nhất trong dòng X.O, nổi bật với nét thiết kế độc đáo, phức cảm và nồng nàn, hòa cùng hương vị ngọt ngào và sự cân bằng hoàn hảo. Loại cognac tuyệt vời này dành cho những ai có nhu cầu tận hưởng những điều tốt đẹp nhất trong cuộc sống.</li><li>Xuất xứ: Rượu Pháp</li><li>Dung tích (ml): 700</li><li>Nồng độ (%): 40</li></ul>', 0, 4, 4);
INSERT INTO `SanPham` (`MaSanPham`, `TenSanPham`, `HinhURL`, `GiaSanPham`, `NgayNhap`, `SoLuongTon`, `SoLuongBan`, `SoLuocXem`, `MoTa`, `BiXoa`, `MaLoaiSanPham`, `MaHangSanXuat`) VALUES (40, 'Remy Martin VSOP Black 1500ml ', '40.jpg', 2700000, '2017-01-01', 12, 6, 26, '<div>Remy Martin VSOP Black 1500ml </div><ul><li>Remy Martin VSOP chứa trong Hộp quà màu đỏ mang lại sự may mắn cho người nhận.</li><li>Có màu vàng hổ phách đậm hơn V.S, V.S.O.P (viết tắt của “Very Special Old Pale”) với hương thơm tươi mát của vani, sồi limousin, hoa hồng khô và quả mơ, để lại vị ngọt lịm và ấm áp.</li><li>VSOP của Rượu Remy Martin là loại VSOP nổi tiếng nhất trên thế giới. Cứ 3 chai rượu VSOP bán trên thế giới thì một trong số đó sẽ mang nhãn Rémy Martin.</li><li>Hương vị nồng nàn & mượt mà như nhung.</li><li>Xuất xứ: Rượu Pháp</li><li>Dung tích (ml): 1500</li><li>Nồng độ (%): 40</li></ul>', 0, 4, 4);

COMMIT;


-- -----------------------------------------------------
-- Data for table `TinhTrang`
-- -----------------------------------------------------
START TRANSACTION;
USE `QuanLySanPham`;
INSERT INTO `TinhTrang` (`MaTinhTrang`, `TenTinhTrang`) VALUES (1, 'Đặt hàng');
INSERT INTO `TinhTrang` (`MaTinhTrang`, `TenTinhTrang`) VALUES (2, 'Đang giao hàng');
INSERT INTO `TinhTrang` (`MaTinhTrang`, `TenTinhTrang`) VALUES (3, 'Thanh toán');
INSERT INTO `TinhTrang` (`MaTinhTrang`, `TenTinhTrang`) VALUES (4, 'Hủy');

COMMIT;

